<?xml version="1.0" encoding="UTF-8"?>
<project-private xmlns="http://www.netbeans.org/ns/project-private/1">
    <editor-bookmarks xmlns="http://www.netbeans.org/ns/editor-bookmarks/2" lastBookmarkId="0"/>
    <open-files xmlns="http://www.netbeans.org/ns/projectui-open-files/2">
        <group>
            <file>file:/C:/Users/Fowar/OneDrive/Documents/NetBeansProjects/NumberConverterWebApp/web/output.jsp</file>
            <file>file:/C:/Users/Fowar/OneDrive/Documents/NetBeansProjects/NumberConverterWebApp/web/summary.jsp</file>
            <file>file:/C:/Users/Fowar/OneDrive/Documents/NetBeansProjects/NumberConverterWebApp/src/java/za/ac/tut/web/endSession.java</file>
            <file>file:/C:/Users/Fowar/OneDrive/Documents/NetBeansProjects/NumberConverterWebApp/src/java/za/ac/tut/web/StartSessionServlet.java</file>
        </group>
    </open-files>
</project-private>
